[
    {
        "id": 1,
        "user_id": 1,
        "text": "Kecha kelgumdur debon ul farangizu kelmadi"
    },
    {
        "id": 2,
        "user_id": 3,
        "text": "Ko'chalar hu begona ko'chalar stalba lip lip qildis"
    },
    {
        "id": 3,
        "user_id": 2,
        "text": "Qizil Olma shirin bo'larkan yarim oy bir kun to'lin bo'larkan"
    },
    {
        "id": 4,
        "user_id": 1,
        "text": "Yettinchi qavatda qolib ketdi eshmatbekning kaliti"
    },
    {
        "id": 5,
        "user_id": 2,
        "text": "Odamlar nima deydi qanaqa Ayti bor qo'yini boq davay"
    },
    {
        "id": 6,
        "user_id": 3,
        "text": "testcha"
    },
    {
        "id": 7,
        "user_id": 3,
        "text": "testcha"
    },
    {
        "id": 8,
        "user_id": 1,
        "text": "Salomatlik ila hayot davom etishini judayam istayman ammo bo'lmayapti"
    },
    {
        "id": 9,
        "user_id": 2,
        "text": "qale bollar nima gape okalar opalar"
    },
    {
        "id": 10,
        "user_id": 2,
        "text": "nimaga hech kim yozmayapti"
    },
    {
        "id": 11,
        "user_id": 2,
        "text": "ewhiwaiuvbia"
    },
    {
        "id": 12,
        "user_id": 1,
        "text": "salom okam"
    }
]