[
    {
        "id": 1,
        "name": "Eshmat",
        "surname": "Toshmatov",
        "username": "eshmat",
        "password": "eshmat1"
    },
    {
        "id": 2,
        "name": "Avazbek",
        "surname": "Primqulov",
        "username": "avazbek_1234",
        "password": "123456"
    },
    {
        "id": 3,
        "name": "Farangiz",
        "surname": "Abdusattarova",
        "username": "sarvinozpastkichiziqcha",
        "password": "1dan8gacha"
    },
    {
        "id": 4,
        "name": "Shodiyor",
        "surname": "Aliyev",
        "username": "heloworld",
        "password": "1va8"
    }
]